country,age_group_lb,national_nMx,Q1 poorest,Q2,Q3,Q4,Q5 richest
Ethiopia,0,0.034512,0.041953,0.037850,0.034149,0.030810,0.027797
Ethiopia,1,0.003190,0.004533,0.003732,0.003072,0.002529,0.002082
Ethiopia,5,0.001970,0.002702,0.002273,0.001913,0.001610,0.001354
Ethiopia,10,0.001281,0.001715,0.001464,0.001250,0.001067,0.000911
Ethiopia,15,0.001960,0.002580,0.002224,0.001917,0.001653,0.001425
Ethiopia,20,0.002782,0.003653,0.003154,0.002723,0.002351,0.002029
Ethiopia,25,0.002986,0.003921,0.003385,0.002923,0.002523,0.002178
Ethiopia,30,0.003255,0.004274,0.003690,0.003186,0.002751,0.002375
Ethiopia,35,0.003718,0.004854,0.004205,0.003643,0.003156,0.002734
Ethiopia,40,0.004807,0.006201,0.005409,0.004719,0.004116,0.003591
Ethiopia,45,0.006027,0.007659,0.006739,0.005930,0.005217,0.004591
Ethiopia,50,0.008729,0.010842,0.009664,0.008614,0.007678,0.006844
Ethiopia,55,0.011672,0.014110,0.012770,0.011557,0.010459,0.009466
Ethiopia,60,0.018045,0.021111,0.019453,0.017924,0.016516,0.015219
Ethiopia,65,0.028536,0.032301,0.030298,0.028420,0.026658,0.025005
Ethiopia,70,0.045936,0.050483,0.048100,0.045829,0.043665,0.041604
Ethiopia,75,0.074212,0.079380,0.076707,0.074125,0.071629,0.069218
Ethiopia,80,0.120889,0.126518,0.123639,0.120825,0.118074,0.115387
Ethiopia,85,0.193677,0.198960,0.196283,0.193641,0.191035,0.188464
Ethiopia,90,0.299108,0.303237,0.301158,0.299094,0.297044,0.295007
Ethiopia,95,0.441275,0.443330,0.442300,0.441273,0.440248,0.439225
Ethiopia,100,0.595418,0.595418,0.595418,0.595418,0.595418,0.595418
Indonesia,0,0.017734,0.023274,0.020099,0.017358,0.014991,0.012946
Indonesia,1,0.000897,0.001361,0.001075,0.000849,0.000671,0.000530
Indonesia,5,0.000475,0.000623,0.000538,0.000465,0.000402,0.000347
Indonesia,10,0.000446,0.000528,0.000484,0.000443,0.000405,0.000371
Indonesia,15,0.001014,0.001113,0.001061,0.001011,0.000964,0.000919
Indonesia,20,0.001356,0.001470,0.001411,0.001354,0.001299,0.001246
Indonesia,25,0.001469,0.001593,0.001528,0.001466,0.001407,0.001350
Indonesia,30,0.001774,0.001924,0.001846,0.001771,0.001699,0.001630
Indonesia,35,0.002429,0.002634,0.002527,0.002424,0.002326,0.002232
Indonesia,40,0.003561,0.003862,0.003706,0.003555,0.003411,0.003273
Indonesia,45,0.005541,0.006005,0.005764,0.005532,0.005310,0.005097
Indonesia,50,0.008597,0.009270,0.008921,0.008585,0.008261,0.007950
Indonesia,55,0.013335,0.014270,0.013786,0.013319,0.012867,0.012431
Indonesia,60,0.020781,0.021894,0.021323,0.020767,0.020225,0.019697
Indonesia,65,0.032625,0.033859,0.033230,0.032613,0.032008,0.031413
Indonesia,70,0.051629,0.053152,0.052379,0.051618,0.050867,0.050128
Indonesia,75,0.081701,0.083575,0.082627,0.081690,0.080764,0.079848
Indonesia,80,0.128229,0.130313,0.129262,0.128221,0.127187,0.126162
Indonesia,85,0.200412,0.202309,0.201356,0.200408,0.199464,0.198524
Indonesia,90,0.301775,0.303174,0.302473,0.301774,0.301076,0.300380
Indonesia,95,0.438342,0.439024,0.438683,0.438342,0.438001,0.437661
Indonesia,100,0.602058,0.602058,0.602058,0.602058,0.602058,0.602058
Philippines,0,0.020918,0.035927,0.026067,0.018914,0.013723,0.009957
Philippines,1,0.001772,0.004164,0.002309,0.001281,0.000710,0.000394
Philippines,5,0.000462,0.000830,0.000582,0.000408,0.000287,0.000201
Philippines,10,0.000454,0.000662,0.000536,0.000434,0.000352,0.000285
Philippines,15,0.000802,0.000961,0.000874,0.000795,0.000723,0.000658
Philippines,20,0.001197,0.001382,0.001282,0.001190,0.001104,0.001024
Philippines,25,0.001592,0.001840,0.001707,0.001583,0.001469,0.001363
Philippines,30,0.002086,0.002410,0.002236,0.002074,0.001924,0.001785
Philippines,35,0.002905,0.003351,0.003111,0.002889,0.002682,0.002491
Philippines,40,0.004179,0.004804,0.004469,0.004157,0.003867,0.003597
Philippines,45,0.006286,0.007196,0.006709,0.006255,0.005832,0.005437
Philippines,50,0.009463,0.010762,0.010069,0.009422,0.008815,0.008248
Philippines,55,0.013862,0.015603,0.014679,0.013810,0.012993,0.012224
Philippines,60,0.020909,0.022954,0.021883,0.020862,0.019888,0.018960
Philippines,65,0.032297,0.034526,0.033374,0.032260,0.031183,0.030142
Philippines,70,0.052268,0.054899,0.053551,0.052236,0.050953,0.049702
Philippines,75,0.085420,0.088433,0.086900,0.085394,0.083913,0.082459
Philippines,80,0.138126,0.141484,0.139785,0.138106,0.136447,0.134809
Philippines,85,0.218009,0.221487,0.219734,0.217995,0.216270,0.214559
Philippines,90,0.324609,0.327634,0.326114,0.324602,0.323096,0.321598
Philippines,95,0.478213,0.480035,0.479122,0.478212,0.477303,0.476395
Philippines,100,0.664683,0.664683,0.664683,0.664683,0.664683,0.664683
South Africa,0,0.026723,0.032833,0.029447,0.026409,0.023686,0.021243
South Africa,1,0.002318,0.004424,0.002963,0.001984,0.001329,0.000890
South Africa,5,0.000531,0.000844,0.000646,0.000494,0.000379,0.000290
South Africa,10,0.000601,0.000836,0.000697,0.000581,0.000485,0.000404
South Africa,15,0.001435,0.001797,0.001594,0.001415,0.001255,0.001114
South Africa,20,0.002616,0.003235,0.002891,0.002583,0.002308,0.002062
South Africa,25,0.003886,0.004935,0.004344,0.003823,0.003365,0.002962
South Africa,30,0.005081,0.006542,0.005713,0.004989,0.004357,0.003805
South Africa,35,0.006267,0.007934,0.006996,0.006168,0.005439,0.004796
South Africa,40,0.007916,0.009784,0.008746,0.007818,0.006988,0.006246
South Africa,45,0.010440,0.012864,0.011518,0.010314,0.009235,0.008269
South Africa,50,0.013911,0.017279,0.015402,0.013729,0.012237,0.010907
South Africa,55,0.019477,0.024296,0.021605,0.019212,0.017084,0.015191
South Africa,60,0.026810,0.032854,0.029508,0.026504,0.023805,0.021381
South Africa,65,0.037619,0.044791,0.040878,0.037307,0.034048,0.031073
South Africa,70,0.051479,0.059339,0.055119,0.051200,0.047559,0.044177
South Africa,75,0.071015,0.078920,0.074754,0.070807,0.067068,0.063527
South Africa,80,0.096530,0.103926,0.100089,0.096393,0.092834,0.089406
South Africa,85,0.132927,0.138959,0.135875,0.132860,0.129911,0.127028
South Africa,90,0.183462,0.187654,0.185534,0.183438,0.181366,0.179317
South Africa,95,0.250343,0.252281,0.251308,0.250339,0.249373,0.248412
South Africa,100,0.339950,0.339950,0.339950,0.339950,0.339950,0.339950
